tconst,film,year_film,genres,averageRating,dir_won_before,budget,nb_actor_won_before,won_bafta,won_gg_drama,won_gg_comedy,winner,runtimeMinutes
tt0018379,7thheaven,1927,"Drama,Romance",7.5,0,14.508658238524095,0,0,0,0,0,110
tt0018578,wings,1927,"Action,Drama,Romance",7.5,0,14.508658238524095,0,0,0,0,1,144
tt0019257,thepatriot,1928,"Drama,History,Thriller",,0,14.285514812209815,2,0,0,0,0,113
tt0019304,theracket,1927,"Crime,Drama,Film-Noir",6.6,0,14.508658238524095,0,0,0,0,0,84
tt0019630,alibi,1928,"Action,Crime,Romance",5.6,0,14.285514812209815,0,0,0,0,0,91
tt0019729,thebroadwaymelody,1928,"Drama,Musical,Romance",5.5,0,14.285514812209815,0,0,0,0,1,100
tt0019823,disraeli,1929,"Biography,Drama,History",6.1,0,13.997832948091215,0,0,0,0,0,90
tt0019993,hollywoodrevue,1928,"Comedy,Music",5.7,0,14.285514812209815,0,0,0,0,0,130
tt0020018,inoldarizona,1928,"Drama,Western",5.5,0,14.285514812209815,0,0,0,0,0,95
tt0020112,theloveparade,1929,"Comedy,Musical,Romance",7.0,0,13.997832948091215,0,0,0,0,0,107
tt0020629,allquietonthewesternfront,1929,"Drama,War",8.1,1,13.997832948091215,0,0,0,0,1,152
tt0020686,thebighouse,1929,"Crime,Drama,Thriller",7.1,0,13.997832948091215,0,0,0,0,0,87
tt0020827,thedivorcee,1929,"Drama,Romance",6.7,0,13.997832948091215,0,0,0,0,0,84
tt0021622,arrowsmith,1931,Drama,6.2,0,13.176847143486714,0,0,0,0,0,108
tt0021635,badgirl,1931,"Drama,Romance",6.4,1,13.176847143486714,0,0,0,0,0,90
tt0021730,thechamp,1931,"Drama,Family,Sport",7.2,0,13.176847143486714,0,0,0,0,0,86
tt0021746,cimarron,1930,"Drama,Western",5.8,0,13.534474352733596,0,0,0,0,1,123
tt0021826,eastlynne,1930,"Drama,Romance",5.7,1,13.534474352733596,0,0,0,0,0,102
tt0021873,fivestarfinal,1931,"Crime,Drama",7.3,0,12.644330802262578,0,0,0,0,0,89
tt0021890,thefrontpage,1930,"Comedy,Crime,Drama",6.7,1,13.534474352733596,0,0,0,0,0,101
tt0022074,thesmilinglieutenant,1931,"Comedy,Musical,Romance",7.1,0,13.176847143486714,0,0,0,0,0,93
tt0022397,skippy,1930,"Comedy,Drama,Family",6.3,1,13.534474352733596,0,0,0,0,0,85
tt0022495,traderhorn,1930,"Action,Adventure,Drama",6.1,0,13.534474352733596,0,0,0,0,0,122
tt0022879,afarewelltoarms,1932,"Drama,Romance,War",6.4,1,13.176847143486714,1,0,0,0,0,80
tt0022958,grandhotel,1931,"Drama,Romance",7.3,0,13.176847143486714,1,0,0,0,1,112
tt0023042,iamafugitivefromachaingang,1932,"Crime,Drama,Film-Noir",8.2,0,13.176847143486714,0,0,0,0,0,92
tt0023303,onehourwithyou,1931,"Comedy,Musical,Romance",7.0,0,13.176847143486714,0,0,0,0,0,78
tt0023458,shanghaiexpress,1931,"Adventure,Drama,Film-Noir",7.3,0,13.176847143486714,0,0,0,0,0,82
tt0023488,smilinthrough,1932,"Drama,Romance",6.9,0,13.176847143486714,2,0,0,0,0,98
tt0023876,cavalcade,1932,"Drama,Romance,War",5.8,1,13.981263103685288,0,0,0,0,1,112
tt0024034,42ndstreet,1932,"Comedy,Drama,Musical",7.3,0,13.176847143486714,1,0,0,0,0,89
tt0024240,ladyforaday,1932,"Comedy,Drama",7.4,0,13.176847143486714,0,0,0,0,0,96
tt0024264,littlewomen,1932,"Drama,Family,Romance",7.2,0,13.176847143486714,0,0,0,0,0,115
tt0024473,theprivatelifeofhenryviii,1932,"Biography,Drama,History",7.0,0,11.447970857280653,0,0,0,0,0,97
tt0024548,shedonehimwrong,1932,"Comedy,Drama,History",6.3,0,13.176847143486714,0,0,0,0,0,66
tt0024610,statefair,1932,"Comedy,Drama,Romance",6.7,0,13.176847143486714,3,0,0,0,0,99
tt0024865,thebarrettsofwimpolestreet,1934,"Biography,Drama,Romance",6.9,0,13.846525580954923,3,0,0,0,0,109
tt0024991,cleopatra,1934,"Biography,Drama,History",6.8,0,13.846525580954923,0,0,0,0,0,100
tt0025124,flirtationwalk,1934,Musical,5.6,1,13.846525580954923,0,0,0,0,0,97
tt0025164,thegaydivorcee,1934,"Comedy,Musical,Romance",7.4,0,13.846525580954923,0,0,0,0,0,107
tt0025238,herecomesthenavy,1934,"Comedy,Drama,Romance",6.2,0,13.846525580954923,0,0,0,0,0,87
tt0025272,thehouseofrothschild,1934,"Biography,Drama,History",6.5,0,13.846525580954923,1,0,0,0,0,88
tt0025301,imitationoflife,1934,"Comedy,Drama,Romance",7.5,0,13.846525580954923,0,0,0,0,0,111
tt0025316,ithappenedonenight,1934,"Comedy,Romance",8.1,1,12.691583538230217,0,0,0,0,1,105
tt0025601,onenightoflove,1934,"Comedy,Music,Romance",5.6,0,13.846525580954923,0,0,0,0,0,84
tt0025878,thethinman,1934,"Comedy,Crime,Mystery",7.9,0,13.846525580954923,0,0,0,0,0,91
tt0025948,vivavilla,1934,"Biography,Western",6.3,0,13.846525580954923,1,0,0,0,0,115
tt0025986,thewhiteparade,1934,Drama,6.5,0,13.846525580954923,0,0,0,0,0,80
tt0026056,aliceadams,1935,"Comedy,Drama,Romance",6.9,0,13.846525580954923,1,0,0,0,0,99
tt0026144,broadwaymelodyof1936,1935,"Comedy,Musical,Romance",6.7,0,13.846525580954923,0,0,0,0,0,101
tt0026174,captainblood,1935,"Action,Adventure,History",7.7,0,14.032234346628217,0,0,0,0,0,119
tt0026266,davidcopperfield,1935,"Adventure,Drama,Family",7.3,0,13.846525580954923,0,0,0,0,0,130
tt0026529,theinformer,1935,"Crime,Drama",7.4,1,13.846525580954923,0,0,0,0,0,91
tt0026643,thelivesofabengallancer,1935,"Adventure,Drama,War",7.0,0,13.846525580954923,0,0,0,0,0,109
tt0026714,amidsummernightsdream,1935,"Comedy,Fantasy,Romance",6.8,0,13.846525580954923,0,0,0,0,0,133
tt0026725,lesmiserables,1935,"Drama,History,Romance",7.6,0,13.846525580954923,2,0,0,0,0,108
tt0026752,mutinyonthebounty,1935,"Adventure,Biography,Drama",7.6,1,14.48334044336031,2,0,0,0,1,132
tt0026768,naughtymarietta,1935,"Drama,Musical,Romance",6.5,0,13.846525580954923,0,0,0,0,0,105
tt0026955,rugglesofredgap,1935,"Comedy,Mystery,Romance",7.6,0,13.846525580954923,1,0,0,0,0,90
tt0027075,ataleoftwocities,1936,"Drama,History,Romance",7.8,0,14.030784021219151,0,0,0,0,0,128
tt0027125,tophat,1935,"Comedy,Musical,Romance",7.7,0,13.31957518872681,0,0,0,0,0,101
tt0027300,anthonyadverse,1936,"Adventure,Drama,Romance",6.3,0,14.030784021219151,1,0,0,0,0,141
tt0027532,dodsworth,1936,"Drama,Romance",7.7,0,14.030784021219151,0,0,0,0,0,101
tt0027698,thegreatziegfeld,1936,"Drama,Musical",6.6,0,14.030784021219151,0,0,0,0,1,176
tt0027884,libeledlady,1936,"Comedy,Romance",7.8,0,14.030784021219151,0,0,0,0,0,98
tt0027996,mrdeedsgoestotown,1936,"Comedy,Drama,Romance",7.8,1,14.030784021219151,0,0,0,0,0,115
tt0028203,romeoandjuliet,1936,"Drama,Romance",6.4,0,14.030784021219151,1,0,0,0,0,125
tt0028216,sanfrancisco,1936,"Drama,Music,Romance",7.1,0,14.030784021219151,1,0,0,0,0,115
tt0028313,thestoryoflouispasteur,1936,"Biography,Drama,History",7.3,0,14.030784021219151,0,0,0,0,0,86
tt0028373,threesmartgirls,1936,"Comedy,Musical,Romance",6.6,0,14.030784021219151,0,0,0,0,0,84
tt0028597,theawfultruth,1937,"Comedy,Romance",7.7,1,13.304686600863562,0,0,0,0,0,90
tt0028691,captainscourageous,1937,"Adventure,Drama,Family",7.9,0,14.19773992839093,1,0,0,0,0,117
tt0028773,deadend,1937,"Crime,Drama,Film-Noir",7.2,0,14.19773992839093,0,0,0,0,0,93
tt0028944,thegoodearth,1937,"Drama,Romance",7.5,0,14.19773992839093,2,0,0,0,0,138
tt0028950,thegrandillusion,1937,"Drama,War",8.1,0,14.19773992839093,0,0,0,0,0,113
tt0029047,inoldchicago,1937,"Action,Drama,Musical",6.7,0,14.403297778421795,0,0,0,0,0,95
tt0029146,thelifeofemilezola,1937,"Biography,Drama",7.1,0,14.19773992839093,2,0,0,0,1,116
tt0029162,losthorizon,1937,"Adventure,Drama,Fantasy",7.6,1,14.19773992839093,0,0,0,0,0,132
tt0029347,onehundredmenandagirl,1937,"Comedy,Drama,Music",6.7,0,14.19773992839093,0,0,0,0,0,84
tt0029604,stagedoor,1937,"Comedy,Drama,Romance",7.7,0,14.19773992839093,1,0,0,0,0,92
tt0029606,astarisborn,1937,"Drama,Romance",7.3,0,14.19773992839093,4,0,0,0,0,111
tt0029843,theadventuresofrobinhood,1938,"Action,Adventure,Romance",7.9,0,14.525023584494278,0,0,0,0,0,102
tt0029852,alexandersragtimeband,1938,"Drama,Music,Musical",6.8,0,14.232248883900894,0,0,0,0,0,106
tt0029942,boystown,1938,"Biography,Drama,Family",7.2,1,14.232248883900894,1,0,0,0,0,96
tt0029995,thecitadel,1938,Drama,7.0,0,14.232248883900894,0,0,0,0,0,110
tt0030149,fourdaughters,1938,"Drama,Music,Romance",6.9,0,14.232248883900894,0,0,0,0,0,90
tt0030287,jezebel,1938,"Drama,Romance",7.4,0,14.038654909278163,1,0,0,0,0,104
tt0030637,pygmalion,1938,"Comedy,Drama,Romance",7.7,0,14.232248883900894,0,0,0,0,0,89
tt0030848,testpilot,1938,"Drama,Romance",6.8,0,14.232248883900894,3,0,0,0,0,119
tt0030993,youcanttakeitwithyou,1938,"Comedy,Drama,Romance",7.8,1,14.313091050980239,1,0,0,0,1,126
tt0031210,darkvictory,1939,"Drama,Romance",7.4,0,14.200957159476,2,0,0,0,0,104
tt0031381,gonewiththewind,1939,"Drama,Romance,War",8.2,1,14.200957159476,1,0,0,0,1,238
tt0031385,goodbyemrchips,1939,"Drama,Romance",7.9,0,14.200957159476,0,0,0,0,0,114
tt0031593,loveaffair,1939,"Comedy,Drama,Romance",7.3,1,14.200957159476,0,0,0,0,0,88
tt0031679,mrsmithgoestowashington,1939,"Comedy,Drama",8.1,1,14.220976332738882,0,0,0,0,0,129
tt0031725,ninotchka,1939,"Comedy,Romance",7.8,0,14.200957159476,0,0,0,0,0,110
tt0031742,ofmiceandmen,1939,"Adventure,Drama",7.8,1,14.200957159476,0,0,0,0,0,106
tt0031971,stagecoach,1939,"Adventure,Drama,Western",7.8,1,13.183083994613058,0,0,0,0,0,96
tt0032138,thewizardofoz,1939,"Adventure,Family,Fantasy",8.1,0,14.8368821263897,0,0,0,0,0,102
tt0032145,wutheringheights,1939,"Drama,Romance",7.5,0,14.200957159476,0,0,0,0,0,104
tt0032194,allthisandheaventoo,1940,"Drama,Romance",7.4,0,14.021393267089676,2,0,0,0,0,141
tt0032484,foreigncorrespondent,1940,"Action,Drama,Romance",7.4,0,14.210364903849142,0,0,0,0,0,120
tt0032551,thegrapesofwrath,1940,Drama,8.1,1,13.592368256649284,0,0,0,0,0,129
tt0032553,thegreatdictator,1940,"Comedy,Drama,War",8.4,0,14.508658238524095,0,0,0,0,0,125
tt0032671,kittyfoyle,1940,"Drama,Romance",6.9,0,14.021393267089676,0,0,0,0,0,108
tt0032701,theletter,1940,"Crime,Drama,Film-Noir",7.5,0,14.021393267089676,3,0,0,0,0,95
tt0032728,thelongvoyagehome,1940,"Drama,War",6.9,1,13.433511945218216,1,0,0,0,0,105
tt0032881,ourtown,1940,"Drama,Family,Romance",6.5,0,14.021393267089676,2,0,0,0,0,90
tt0032904,thephiladelphiastory,1940,"Comedy,Romance",7.8,0,14.021393267089676,1,0,0,0,0,112
tt0032976,rebecca,1940,"Drama,Mystery,Romance",8.1,0,14.021393267089676,0,0,0,0,1,130
tt0033407,blossomsinthedust,1941,"Biography,Drama,Romance",6.9,0,13.900127059109987,0,0,0,0,0,99
tt0033467,citizenkane,1941,"Drama,Mystery",8.3,0,13.640833308858063,0,0,0,0,0,119
tt0033712,herecomesmrjordan,1941,"Comedy,Fantasy,Romance",7.5,0,13.900127059109987,0,0,0,0,0,94
tt0033722,holdbackthedawn,1941,"Drama,Romance",7.3,0,13.900127059109987,0,0,0,0,0,116
tt0033729,howgreenwasmyvalley,1941,"Drama,Family",7.7,1,13.592368256649284,0,0,0,0,1,118
tt0033836,thelittlefoxes,1941,"Drama,Romance",7.9,0,13.900127059109987,2,0,0,0,0,116
tt0033870,themaltesefalcon,1941,"Crime,Drama,Film-Noir",7.9,0,12.611541086966115,0,0,0,0,0,100
tt0033980,onefootinheaven,1941,"Biography,Drama,Romance",6.6,0,13.900127059109987,1,0,0,0,0,108
tt0034167,sergeantyork,1941,"Biography,Drama,History",7.7,0,13.900127059109987,3,0,0,0,0,134
tt0034248,suspicion,1941,"Drama,Film-Noir,Mystery",7.3,0,14.403297778421795,0,0,0,0,0,99
tt0034583,casablanca,1943,"Drama,Romance,War",8.5,1,13.76421831620775,0,0,0,0,1,102
tt0034891,inwhichweserve,1943,"Drama,War",7.2,0,12.388398368982115,0,0,0,0,0,115
tt0034946,kingsrow,1942,Drama,7.5,0,13.573390587949545,0,0,0,0,0,127
tt0035015,themagnificentambersons,1942,"Drama,Romance",7.6,0,13.573390587949545,0,0,0,0,0,88
tt0035093,mrsminiver,1942,"Drama,Romance,War",7.6,1,13.573390587949545,0,0,0,0,1,134
tt0035189,thepiedpiper,1942,"Drama,War",7.0,0,13.573390587949545,0,0,0,0,0,87
tt0035211,theprideoftheyankees,1942,"Biography,Drama,Romance",7.6,0,13.573390587949545,4,0,0,0,0,128
tt0035238,randomharvest,1942,"Drama,Romance",7.9,0,13.573390587949545,0,0,0,0,0,126
tt0035417,thetalkofthetown,1942,"Comedy,Drama,Romance",7.5,0,13.573390587949545,0,0,0,0,0,118
tt0035429,theinvaders,1942,"Thriller,War",7.5,0,13.573390587949545,0,0,0,0,0,92
tt0035530,wakeisland,1942,"Action,Drama,War",6.6,0,13.573390587949545,0,0,0,0,0,88
tt0035575,yankeedoodledandy,1942,"Biography,Drama,Family",7.6,0,13.573390587949545,0,0,0,0,0,126
tt0035896,forwhomthebelltolls,1943,"Adventure,Drama,History",6.8,0,13.749799082518015,1,0,0,0,0,170
tt0035979,heavencanwait,1943,"Comedy,Drama,Fantasy",7.3,0,13.749799082518015,0,0,0,0,0,112
tt0036022,thehumancomedy,1943,"Comedy,Drama,Family",7.0,0,13.749799082518015,1,0,0,0,0,117
tt0036126,madamecurie,1943,"Biography,Drama,Romance",7.2,0,13.749799082518015,1,0,0,0,0,124
tt0036172,themorethemerrier,1943,Comedy,7.6,0,13.749799082518015,0,0,0,0,0,104
tt0036244,theoxbowincident,1943,"Drama,Western",8.0,0,13.244582780038517,1,0,0,0,0,75
tt0036377,thesongofbernadette,1943,"Biography,Drama,Mystery",7.6,0,13.749799082518015,0,0,1,0,0,156
tt0036515,watchontherhine,1943,"Drama,Thriller",7.1,0,13.749799082518015,2,0,0,0,0,114
tt0036775,doubleindemnity,1944,"Crime,Drama,Film-Noir",8.3,0,13.739709923296061,0,0,0,0,0,107
tt0036855,gaslight,1944,"Crime,Drama,Mystery",7.8,0,14.508658238524095,0,0,0,0,0,114
tt0036868,thebestyearsofourlives,1946,"Drama,Romance,War",8.1,1,14.145328766787822,2,1,1,0,1,170
tt0036872,goingmyway,1944,"Comedy,Drama,Music",7.0,1,13.933985601041861,0,0,1,0,1,126
tt0036910,henryv,1946,"Biography,Drama,History",7.0,0,13.07107218827772,0,0,0,0,0,137
tt0037280,sinceyouwentaway,1944,"Drama,Romance,War",7.5,0,13.933985601041861,4,0,0,0,0,177
tt0037465,wilson,1944,"Biography,Drama,History",6.3,0,13.933985601041861,2,0,0,0,0,154
tt0037514,anchorsaweigh,1945,"Comedy,Fantasy,Musical",7.0,0,14.223639448385319,0,0,0,0,0,140
tt0037536,thebellsofstmarys,1945,Drama,7.2,1,14.077875591662238,2,0,0,0,0,126
tt0037884,thelostweekend,1945,"Drama,Film-Noir",7.9,1,14.038654909278163,0,0,1,0,1,101
tt0037913,mildredpierce,1945,"Crime,Drama,Film-Noir",7.9,1,14.151983508870947,0,0,0,0,0,111
tt0038109,spellbound,1945,"Drama,Film-Noir,Mystery",7.5,0,14.220976332738882,1,0,0,0,0,111
tt0038574,greatexpectations,1947,"Adventure,Drama,Mystery",7.8,0,14.343931079666783,0,0,0,0,0,118
tt0038650,itsawonderfullife,1946,"Drama,Family,Fantasy",8.6,1,14.97239206922172,3,0,0,0,0,130
tt0038873,therazorsedge,1946,"Drama,Romance",7.3,0,14.145328766787822,0,0,0,0,0,145
tt0039111,theyearling,1946,"Drama,Family,Western",7.1,0,14.145328766787822,0,0,0,0,0,128
tt0039190,thebishopswife,1947,"Comedy,Drama,Fantasy",7.6,0,14.343931079666783,0,0,0,0,0,109
tt0039286,crossfire,1947,"Crime,Drama,Film-Noir",7.3,0,14.343931079666783,0,0,0,0,0,86
tt0039416,gentlemansagreement,1947,"Drama,Romance",7.2,1,14.343931079666783,1,0,1,0,1,118
tt0039628,miracleon34thstreet,1947,"Comedy,Drama,Family",7.9,0,13.353476685668044,0,0,0,0,0,96
tt0040416,hamlet,1948,Drama,7.5,0,14.263397020933823,0,1,0,0,1,154
tt0040495,johnnybelinda,1948,Drama,7.7,0,14.263397020933823,0,0,1,0,0,102
tt0040725,theredshoes,1948,"Drama,Music,Romance",8.1,0,14.263397020933823,0,0,0,0,0,135
tt0040806,thesnakepit,1948,"Drama,Mystery",7.6,0,14.263397020933823,2,0,0,0,0,108
tt0040897,thetreasureofthesierramadre,1948,"Adventure,Drama,Western",8.2,1,14.731801689838349,0,0,0,0,0,126
tt0041113,allthekingsmen,1949,"Drama,Film-Noir",7.4,0,14.497091607969521,0,0,1,0,1,110
tt0041163,battleground,1949,"Action,Drama,History",7.4,0,14.497091607969521,0,0,0,0,0,118
tt0041452,theheiress,1949,"Drama,Romance",8.1,1,14.497091607969521,1,0,0,0,0,115
tt0041587,alettertothreewives,1949,"Comedy,Drama,Romance",7.7,1,14.497091607969521,0,0,0,0,0,103
tt0041996,twelveoclockhigh,1949,"Drama,War",7.7,0,14.497091607969521,0,0,0,0,0,132
tt0042192,allabouteve,1950,Drama,8.2,1,14.151983508870947,4,1,0,0,1,138
tt0042276,bornyesterday,1950,"Comedy,Drama,Romance",7.5,0,14.86464112672673,1,0,0,0,0,103
tt0042451,fatherofthebride,1950,"Comedy,Drama,Romance",7.1,0,14.86464112672673,2,0,0,0,0,92
tt0042646,kingsolomonsmines,1950,"Action,Adventure,Romance",6.7,0,14.629990466561443,0,0,0,0,0,103
tt0043014,sunsetblvd,1950,"Drama,Film-Noir",8.4,1,14.375126917328105,0,0,0,0,0,110
tt0043278,anamericaninparis,1951,"Drama,Musical,Romance",7.1,0,14.668080638598518,0,0,0,1,1,114
tt0043459,decisionbeforedawn,1951,"Drama,War",7.2,0,14.668080638598518,0,0,0,0,0,119
tt0043924,aplaceinthesun,1951,"Drama,Romance",7.7,1,14.648420115681892,1,0,1,0,0,122
tt0043949,quovadis,1951,"Drama,Romance",7.1,0,15.846680682152352,0,0,0,0,0,171
tt0044081,astreetcarnameddesire,1951,Drama,7.9,1,14.403297778421795,1,0,0,0,0,122
tt0044672,thegreatestshowonearth,1952,"Drama,Family,Romance",6.5,0,14.762253285297131,1,0,1,0,1,152
tt0044706,highnoon,1952,"Drama,Thriller,Western",7.9,0,13.500801182986649,2,0,0,0,0,85
tt0044760,ivanhoe,1952,"Action,Adventure,Drama",6.7,0,14.762253285297131,2,0,0,0,0,106
tt0044926,moulinrouge,1952,"Biography,Drama,Music",7.0,1,14.220976332738882,1,0,0,0,0,119
tt0045061,thequietman,1952,"Comedy,Drama,Romance",7.7,1,14.375126917328105,2,0,0,0,0,129
tt0045793,fromheretoeternity,1953,"Drama,Romance,War",7.6,1,14.449144141652049,0,0,0,0,1,118
tt0045943,juliuscaesar,1953,"Drama,History",7.2,1,14.543059648333223,1,0,0,0,0,120
tt0046247,therobe,1953,"Drama,History,Romance",6.7,0,15.424948670398354,1,0,1,0,0,135
tt0046250,romanholiday,1953,"Comedy,Drama,Romance",8.0,1,14.220976332738882,0,0,0,0,0,118
tt0046303,shane,1953,"Drama,Western",7.6,1,14.220976332738882,1,0,0,0,0,118
tt0046816,thecainemutiny,1954,"Drama,War",7.7,0,14.508658238524095,2,0,0,0,0,124
tt0046874,thecountrygirl,1954,"Drama,Music",7.2,0,14.596145650762413,2,0,0,0,0,104
tt0047296,onthewaterfront,1954,"Crime,Drama,Thriller",8.1,1,13.721200977393528,1,0,1,0,1,108
tt0047472,sevenbridesforsevenbrothers,1954,"Musical,Romance,Western",7.3,0,14.596145650762413,0,0,0,0,0,102
tt0047580,threecoinsinthefountain,1954,"Drama,Romance",6.2,0,14.596145650762413,0,0,0,0,0,102
tt0048316,loveisamanysplendoredthing,1955,"Biography,Drama,Romance",6.4,0,15.428608630499188,2,0,0,0,0,102
tt0048356,marty,1955,"Drama,Romance",7.7,1,15.428608630499188,0,0,0,0,1,90
tt0048380,misterroberts,1955,"Comedy,Drama,War",7.6,0,14.648420115681892,1,0,0,0,0,123
tt0048491,picnic,1955,"Drama,Romance",7.0,0,15.428608630499188,1,0,0,0,0,115
tt0048563,therosetattoo,1955,"Comedy,Drama,Romance",6.9,0,15.428608630499188,0,0,0,0,0,117
tt0048960,aroundtheworldin80days,1956,"Adventure,Comedy,Family",6.7,0,15.607270193858982,0,0,1,0,1,175
tt0049233,friendlypersuasion,1956,"Drama,Family,Romance",7.3,1,15.352070725819681,2,0,0,0,0,137
tt0049261,giant,1956,"Drama,Western",7.6,1,15.501909696719672,1,0,0,0,0,201
tt0049408,thekingandi,1956,"Biography,Drama,Musical",7.4,0,15.352070725819681,0,0,0,1,0,133
tt0049833,thetencommandments,1956,"Adventure,Drama,Family",7.9,0,16.41820031748273,1,0,0,0,0,220
tt0050083,12angrymen,1957,"Crime,Drama",9.0,0,12.73670383776449,0,0,0,0,0,96
tt0050212,thebridgeontheriverkwai,1957,"Adventure,Drama,War",8.1,1,14.914123179965662,1,1,1,0,1,161
tt0050839,peytonplace,1957,"Crime,Drama,Mystery",7.2,0,15.315133827605429,0,0,0,0,0,157
tt0050933,sayonara,1957,"Drama,Romance",7.0,0,15.315133827605429,1,0,0,0,0,147
tt0051201,witnessfortheprosecution,1957,"Crime,Drama,Mystery",8.4,1,14.508658238524095,1,0,0,0,0,116
tt0051383,auntiemame,1958,"Comedy,Drama,Romance",7.9,0,15.184150238298338,0,0,0,0,0,143
tt0051459,catonahottinroof,1958,Drama,7.9,0,14.648420115681892,0,0,0,0,0,108
tt0051525,thedefiantones,1958,"Crime,Drama",7.6,0,15.184150238298338,0,0,1,0,0,96
tt0051658,gigi,1958,"Comedy,Musical,Romance",6.6,0,15.009433329466965,0,0,0,1,1,115
tt0052182,separatetables,1958,"Drama,Romance",7.4,1,15.184150238298338,0,0,0,0,0,100
tt0052561,anatomyofamurder,1959,"Drama,Mystery",8.0,0,14.508658238524095,1,0,0,0,0,161
tt0052618,benhur,1959,"Adventure,Drama",8.1,1,16.52356082573315,0,1,1,0,1,212
tt0052738,thediaryofannefrank,1959,"Biography,Drama,Family",7.4,1,15.394489469099211,1,0,0,0,0,180
tt0053131,thenunsstory,1959,Drama,7.5,1,15.068273812173887,2,0,0,0,0,149
tt0053226,roomatthetop,1959,"Drama,Romance",7.5,0,15.394489469099211,0,0,0,0,0,115
tt0053580,thealamo,1960,"Adventure,Drama,History",6.8,0,15.439837279936441,0,0,0,0,0,162
tt0053604,theapartment,1960,"Comedy,Drama,Romance",8.3,1,14.914123179965662,1,1,0,1,1,125
tt0053793,elmergantry,1960,Drama,7.7,0,15.439837279936441,1,0,0,0,0,146
tt0054326,sonsandlovers,1960,Drama,7.1,0,15.439837279936441,1,0,0,0,0,103
tt0054353,thesundowners,1960,"Drama,Western",7.1,1,15.439837279936441,0,0,0,0,0,133
tt0054866,fanny,1961,"Drama,Romance",6.8,0,15.896513505016047,0,0,0,0,0,134
tt0054953,thegunsofnavarone,1961,"Action,Adventure,Drama",7.5,0,15.607270193858982,3,0,1,0,0,158
tt0054997,thehustler,1961,"Drama,Sport",7.9,0,14.557448378884015,0,1,0,0,0,134
tt0055031,judgmentatnuremberg,1961,"Drama,War",8.3,0,14.914123179965662,3,0,0,0,0,179
tt0055614,westsidestory,1961,"Crime,Drama,Musical",7.6,0,15.607270193858982,0,0,0,0,1,153
tt0056085,howthewestwaswon,1963,"Action,Adventure,War",7.1,0,16.595216810029655,3,0,0,0,0,164
tt0056172,lawrenceofarabia,1962,"Adventure,Biography,Drama",8.3,1,16.52356082573315,4,0,1,0,1,227
tt0056197,thelongestday,1962,"Action,Drama,History",7.7,0,16.118095750958314,0,0,0,0,0,178
tt0056262,meredithwillsonsthemusicman,1962,"Comedy,Family,Musical",7.7,0,16.390981370285324,1,0,0,0,0,151
tt0056264,mutinyonthebounty,1962,"Adventure,Drama,History",7.2,0,16.759949589762293,2,0,0,0,0,178
tt0056592,tokillamockingbird,1962,"Crime,Drama",8.3,0,16.390981370285324,0,0,0,0,0,129
tt0056825,americaamerica,1963,"Adventure,Drama",7.7,1,16.595216810029655,0,0,0,0,0,174
tt0056937,cleopatra,1963,"Biography,Drama,History",7.0,0,17.599700214609808,1,0,0,0,0,320
tt0057012,drstrangeloveorhowilearnedtostopworryingandlovethebomb,1964,"Comedy,War",8.3,0,14.403297778421795,0,0,0,0,0,95
tt0057251,liliesofthefield,1963,"Comedy,Drama",7.5,0,16.595216810029655,0,0,0,0,0,94
tt0057590,tomjones,1963,"Adventure,Comedy,History",6.4,1,16.595216810029655,0,1,0,1,1,129
tt0057831,zorbathegreek,1964,"Comedy,Drama",7.6,0,16.63450571268408,2,0,0,0,0,142
tt0057877,becket,1964,"Biography,Drama,History",7.7,0,16.63450571268408,0,0,1,0,0,148
tt0058331,marypoppins,1964,"Comedy,Family,Fantasy",7.8,0,15.607270193858982,0,0,0,0,0,139
tt0058385,myfairlady,1964,"Drama,Family,Musical",7.7,1,16.648723960844016,1,1,0,1,1,170
tt0059084,darling,1965,"Drama,Romance",7.0,0,15.702580358511794,0,0,0,0,0,128
tt0059113,doctorzhivago,1965,"Drama,Romance,War",7.9,1,16.52356082573315,1,0,1,0,0,197
tt0059712,shipoffools,1965,"Drama,Romance,War",7.1,0,15.702580358511794,4,0,0,0,0,149
tt0059742,thesoundofmusic,1965,"Biography,Drama,Family",8.1,1,15.702580358511794,1,0,0,1,1,172
tt0059798,athousandclowns,1965,"Comedy,Drama,Romance",7.3,0,15.702580358511794,0,0,0,0,0,118
tt0060086,alfie,1966,"Comedy,Drama",7.0,0,13.122365377402328,2,0,0,0,0,114
tt0060665,amanforallseasons,1966,"Biography,Drama,History",7.7,1,14.508658238524095,1,1,1,0,1,120
tt0060921,therussiansarecomingtherussiansarecoming,1966,"Comedy,War",7.0,0,15.176487367510099,1,0,0,1,0,126
tt0060934,thesandpebbles,1966,"Adventure,Drama,Romance",7.5,1,15.277994289101915,0,0,0,0,0,182
tt0061184,whosafraidofvirginiawoolf,1966,Drama,8.0,0,15.277994289101915,1,1,0,0,0,131
tt0061418,bonnieandclyde,1967,"Action,Biography,Crime",7.7,0,14.731801689838349,0,0,0,0,0,111
tt0061584,doctordolittle,1967,"Adventure,Comedy,Family",6.2,0,15.121911280656398,1,0,0,0,0,152
tt0061722,thegraduate,1967,"Comedy,Drama,Romance",8.0,1,15.121911280656398,1,1,0,1,0,106
tt0061735,guesswhoscomingtodinner,1967,"Comedy,Drama",7.8,0,15.121911280656398,4,0,0,0,0,108
tt0061811,intheheatofthenight,1967,"Drama,Mystery,Thriller",7.9,0,14.508658238524095,1,0,1,0,1,110
tt0062994,funnygirl,1968,"Biography,Comedy,Drama",7.4,1,16.46168542627038,0,0,0,0,0,151
tt0063227,thelioninwinter,1968,"Biography,Drama,History",7.8,0,15.944733954465462,2,0,1,0,0,134
tt0063385,oliver,1968,"Drama,Family,Musical",7.4,1,15.944733954465462,1,0,0,1,1,153
tt0063483,rachelrachel,1968,"Drama,Romance",7.1,0,15.944733954465462,2,0,0,0,0,101
tt0063518,romeoandjuliet,1968,"Drama,Romance",7.6,0,13.652992804936396,0,0,0,0,0,138
tt0064030,anneofthethousanddays,1969,"Biography,Drama,History",7.4,0,16.017584579935527,0,0,1,0,0,145
tt0064115,butchcassidyandthesundancekid,1969,"Biography,Crime,Drama",8.0,0,15.607270193858982,0,1,0,0,0,110
tt0064418,hellodolly,1969,"Adventure,Comedy,Musical",7.0,0,17.034386422832473,2,0,0,0,0,146
tt0064665,midnightcowboy,1969,Drama,7.8,1,16.017584579935527,0,1,0,0,1,113
tt0065234,z,1969,"Crime,Drama,Thriller",8.1,0,16.017584579935527,0,0,0,0,0,127
tt0065377,airport,1970,"Action,Drama,Thriller",6.6,0,16.118095750958314,4,0,0,0,0,137
tt0065724,fiveeasypieces,1970,Drama,7.4,0,14.285514812209815,0,0,0,0,0,98
tt0066011,lovestory,1970,"Drama,Romance",6.9,0,14.603968372873895,1,0,1,0,0,100
tt0066026,mash,1970,"Comedy,Drama,War",7.3,0,15.756647571807589,0,0,0,1,0,116
tt0066206,patton,1970,"Biography,Drama,War",7.9,1,16.349207451286784,1,0,0,0,1,172
tt0066921,aclockworkorange,1971,"Crime,Sci-Fi",8.2,0,14.603968372873895,0,0,0,0,0,136
tt0067093,fiddlerontheroof,1971,"Drama,Family,Musical",8.0,0,15.303910367754927,0,0,0,1,0,181
tt0067116,thefrenchconnection,1971,"Action,Crime,Drama",7.7,1,14.403297778421795,0,0,1,0,1,104
tt0067328,thelastpictureshow,1971,"Drama,Romance",8.0,0,14.077875591662238,0,0,0,0,0,118
tt0067483,nicholasandalexandra,1971,"Biography,Drama,History",7.2,1,15.303910367754927,0,0,0,0,0,183
tt0067919,theemigrants,1972,"Drama,History",8.0,0,15.206654501936173,0,0,0,0,0,151
tt0068327,cabaret,1972,"Drama,Music,Musical",7.8,1,15.341567078850604,0,1,0,1,0,124
tt0068473,deliverance,1972,"Adventure,Drama,Thriller",7.6,0,14.508658238524095,0,0,0,0,0,109
tt0068646,thegodfather,1972,"Crime,Drama",9.2,0,15.607270193858982,1,0,1,0,1,175
tt0069303,sounder,1972,"Drama,Family",7.5,0,15.206654501936173,0,0,0,0,0,105
tt0069467,criesandwhispers,1973,Drama,7.9,0,15.694594008094041,0,0,0,0,0,92
tt0069704,americangraffiti,1973,"Comedy,Drama",7.4,0,13.560619598657233,0,0,0,1,0,110
tt0070047,theexorcist,1973,Horror,8.1,1,16.300417291085605,0,0,1,0,0,122
tt0070735,thesting,1973,"Comedy,Crime,Drama",8.3,1,15.520258832020865,0,0,0,0,1,129
tt0070819,atouchofclass,1973,"Comedy,Romance",6.5,0,15.694594008094041,1,0,0,0,0,106
tt0071315,chinatown,1974,"Drama,Mystery,Thriller",8.1,0,15.607270193858982,0,1,1,0,0,130
tt0071360,theconversation,1974,"Drama,Mystery,Thriller",7.7,1,14.285514812209815,1,0,0,0,0,113
tt0071562,thegodfatherpartii,1974,"Crime,Drama",9.0,1,16.380459992348886,0,0,0,0,1,202
tt0071746,lenny,1974,"Biography,Drama",7.5,1,15.735797748696564,0,0,0,0,0,111
tt0072308,thetoweringinferno,1974,"Action,Drama,Thriller",7.0,0,16.454567959008102,2,0,0,0,0,165
tt0072684,barrylyndon,1975,"Adventure,Drama,War",8.1,0,16.213405921671733,0,0,0,0,0,185
tt0072890,dogdayafternoon,1975,"Biography,Crime,Drama",8.0,0,15.150511887854474,0,0,0,0,0,125
tt0073195,jaws,1975,"Adventure,Drama,Horror",8.1,0,16.012735246411598,0,0,0,0,0,124
tt0073440,nashville,1975,"Comedy,Drama,Music",7.6,0,14.603968372873895,0,0,0,0,0,160
tt0073486,oneflewoverthecuckoosnest,1975,Drama,8.7,1,14.914123179965662,0,1,1,0,1,133
tt0074119,allthepresidentsmen,1976,"Drama,History,Thriller",7.9,0,15.955576839107596,1,0,0,0,0,138
tt0074235,boundforglory,1976,"Biography,Drama,Music",7.2,0,15.498537012866658,0,0,0,0,0,147
tt0074958,network,1976,Drama,8.1,0,15.150511887854474,1,0,0,0,0,121
tt0075148,rocky,1976,"Drama,Sport",8.1,1,13.815511557963774,0,0,1,0,1,120
tt0075314,taxidriver,1976,"Crime,Drama",8.2,0,14.45736497045232,1,0,0,0,0,114
tt0075686,anniehall,1977,"Comedy,Romance",7.9,1,15.201805169084134,0,1,0,0,1,93
tt0076095,thegoodbyegirl,1977,"Comedy,Drama,Romance",7.4,0,15.596798895746073,0,0,0,1,0,111
tt0076245,julia,1977,Drama,7.1,1,15.596798895746073,3,1,0,0,0,117
tt0076759,starwars,1977,"Action,Adventure,Fantasy",8.6,0,16.213405921671733,1,0,0,0,0,121
tt0076843,theturningpoint,1977,"Drama,Music,Romance",6.8,0,15.596798895746073,1,0,1,0,0,119
tt0077362,cominghome,1978,"Drama,Romance,War",7.3,0,16.298033499929215,1,0,0,0,0,127
tt0077416,thedeerhunter,1978,"Drama,War",8.1,1,16.52356082573315,1,0,0,0,1,183
tt0077663,heavencanwait,1978,"Comedy,Fantasy,Romance",6.9,0,16.298033499929215,1,0,0,1,0,101
tt0077928,midnightexpress,1978,"Biography,Crime,Drama",7.5,0,14.648420115681892,0,0,1,0,0,121
tt0078444,anunmarriedwoman,1978,"Comedy,Drama,Romance",7.2,0,16.298033499929215,0,0,0,0,0,124
tt0078754,allthatjazz,1979,"Drama,Music,Musical",7.8,1,16.300417291085605,0,0,0,1,0,123
tt0078788,apocalypsenow,1979,"Drama,Mystery,War",8.4,1,17.265498135541893,2,0,0,0,0,147
tt0078902,breakingaway,1979,"Comedy,Drama,Sport",7.7,0,16.32103657658766,0,0,0,0,0,101
tt0079417,kramervskramer,1979,Drama,7.8,1,15.894952224644102,0,0,1,0,1,105
tt0079638,normarae,1979,Drama,7.3,0,16.32103657658766,0,0,0,0,0,114
tt0080009,tess,1980,"Drama,Romance",7.3,0,16.33141338891118,0,0,0,0,0,186
tt0080388,atlanticcity,1981,"Crime,Drama,Romance",7.3,0,15.789591722875162,1,0,0,0,0,104
tt0080549,coalminersdaughter,1980,"Biography,Drama,Music",7.5,0,16.33141338891118,0,0,0,1,0,124
tt0080678,theelephantman,1980,"Biography,Drama",8.2,0,15.424948670398354,2,1,0,0,0,124
tt0081283,ordinarypeople,1980,Drama,7.7,1,15.64006001130563,0,0,1,0,1,124
tt0081398,ragingbull,1980,"Biography,Drama,Sport",8.1,0,16.705882371415992,1,0,0,0,0,129
tt0082158,chariotsoffire,1981,"Biography,Drama,Sport",7.1,0,15.520258832020865,0,0,0,0,1,125
tt0082846,ongoldenpond,1981,Drama,7.6,0,16.37583392431678,5,0,1,0,0,109
tt0082971,raidersofthelostark,1981,"Action,Adventure",8.4,0,16.705882371415992,0,0,0,0,0,115
tt0082979,reds,1981,"Biography,Drama,History",7.3,1,16.37583392431678,2,0,0,0,0,195
tt0083866,ettheextraterrestrial,1982,"Adventure,Family,Sci-Fi",7.9,0,16.166885910365842,0,0,1,0,0,115
tt0083987,gandhi,1982,"Biography,Drama,History",8.0,1,16.906553056777135,2,1,0,0,1,191
tt0084335,missing,1982,"Biography,Drama,History",7.7,0,16.525041210804964,3,0,0,0,0,122
tt0084805,tootsie,1982,"Comedy,Drama,Romance",7.4,0,16.860033043306743,1,0,0,1,0,116
tt0084855,theverdict,1982,Drama,7.7,0,16.588099342704055,0,0,0,0,0,129
tt0085244,thebigchill,1983,"Comedy,Drama",7.1,0,15.894952224644102,0,0,0,0,0,105
tt0085461,thedresser,1983,Drama,7.5,0,16.61887099947687,0,0,0,0,0,118
tt0086197,therightstuff,1983,"Adventure,Biography,Drama",7.8,0,17.11134746100564,0,0,0,0,0,193
tt0086423,tendermercies,1983,"Drama,Music",7.3,0,16.61887099947687,0,0,0,0,0,92
tt0086425,termsofendearment,1983,"Comedy,Drama",7.4,1,16.61887099947687,1,0,1,0,1,132
tt0086879,amadeus,1984,"Biography,Drama,Music",8.4,1,16.705882371415992,0,0,1,0,1,160
tt0087553,thekillingfields,1984,"Biography,Drama,History",7.8,0,16.540090126591462,0,1,0,0,0,141
tt0087892,apassagetoindia,1984,"Adventure,Drama,History",7.3,1,16.540090126591462,1,0,0,0,0,164
tt0087921,placesintheheart,1984,Drama,7.4,1,16.066802461833923,1,0,0,0,0,111
tt0088146,asoldiersstory,1984,"Crime,Drama,Mystery",7.2,0,16.540090126591462,0,0,0,0,0,101
tt0088939,thecolorpurple,1985,Drama,7.7,0,16.52356082573315,0,0,0,0,0,154
tt0089424,kissofthespiderwoman,1985,Drama,7.3,0,14.220976332738882,0,0,0,0,0,120
tt0089755,outofafrica,1985,"Biography,Drama,Romance",7.1,1,17.249497794707484,2,0,1,0,1,161
tt0089841,prizzishonor,1985,"Comedy,Crime,Drama",6.7,1,16.334997621849944,2,0,0,1,0,130
tt0090329,witness,1985,"Drama,Romance,Thriller",7.3,0,16.300417291085605,0,0,0,0,0,112
tt0090830,childrenofalessergod,1986,"Drama,Romance",7.2,0,16.474497900446572,1,0,0,0,0,119
tt0091167,hannahandhersisters,1986,"Comedy,Drama",7.8,1,16.474497900446572,0,0,0,1,0,107
tt0091530,themission,1986,"Adventure,Drama,History",7.4,0,16.61887099947687,2,0,0,0,0,125
tt0091763,platoon,1986,"Drama,War",8.1,1,15.607270193858982,0,0,1,0,1,120
tt0091867,aroomwithaview,1986,"Drama,Romance",7.2,0,14.648420115681892,2,1,0,0,0,117
tt0092699,broadcastnews,1987,"Comedy,Drama,Romance",7.3,1,16.811242881518265,3,0,0,0,0,133
tt0093010,fatalattraction,1987,"Drama,Thriller",6.9,0,16.454567959008102,0,0,0,0,0,119
tt0093209,hopeandglory,1987,"Comedy,Drama,Romance",7.3,0,16.540745649351383,0,0,0,1,0,113
tt0093389,thelastemperor,1987,"Biography,Drama,History",7.7,1,16.98519618065851,0,1,1,0,1,163
tt0093565,moonstruck,1987,"Comedy,Drama,Romance",7.2,0,16.52356082573315,0,0,0,0,0,102
tt0094606,theaccidentaltourist,1988,"Comedy,Drama,Romance",6.7,0,16.52356082573315,1,0,0,0,0,121
tt0094947,dangerousliaisons,1988,"Drama,Romance",7.5,0,16.55400184923556,0,0,0,0,0,119
tt0095647,mississippiburning,1988,"Crime,Drama,Mystery",7.8,0,16.52356082573315,1,0,0,0,0,128
tt0095953,rainman,1988,Drama,8.0,1,17.034386422832473,1,0,1,0,1,133
tt0096463,workinggirl,1988,"Comedy,Drama,Romance",6.8,1,16.55400184923556,0,0,0,1,0,113
tt0096969,bornonthefourthofjuly,1989,"Biography,Drama,War",7.2,1,16.694709071442087,0,0,1,0,0,145
tt0097165,deadpoetssociety,1989,"Comedy,Drama",8.1,0,16.612791953770035,0,1,0,0,0,128
tt0097239,drivingmissdaisy,1989,"Comedy,Drama",7.3,0,15.830413711839864,0,0,0,1,1,99
tt0097351,fieldofdreams,1989,"Drama,Family,Fantasy",7.5,0,16.85725140047751,1,0,0,0,0,107
tt0097937,myleftfoot,1989,"Biography,Drama",7.8,0,13.304686600863562,0,0,0,0,0,103
tt0099077,awakenings,1990,"Biography,Drama",7.8,0,17.249497794707484,2,0,0,0,0,121
tt0099348,danceswithwolves,1990,"Adventure,Drama,Western",8.0,1,16.906553056777135,0,0,1,0,1,181
tt0099653,ghost,1990,"Drama,Fantasy,Romance",7.1,0,16.906553056777135,0,0,0,0,0,126
tt0099674,thegodfatherpartiii,1990,"Crime,Drama",7.6,1,17.804494623047066,1,0,0,0,0,162
tt0099685,goodfellas,1990,"Biography,Crime,Drama",8.7,0,17.034386422832473,2,1,0,0,0,145
tt0101414,beautyandthebeast,1991,"Animation,Family,Fantasy",8.0,0,17.034386422832473,0,0,1,1,0,84
tt0101516,bugsy,1991,"Biography,Crime,Drama",6.8,1,17.112992198157652,1,0,1,0,0,136
tt0102138,jfk,1991,"Drama,History,Thriller",8.0,1,17.112992198157652,3,0,0,0,0,189
tt0102713,theprinceoftides,1991,"Drama,Romance",6.8,0,17.112992198157652,1,0,0,0,0,132
tt0102926,thesilenceofthelambs,1991,"Crime,Drama,Horror",8.6,1,16.759949589762293,1,0,0,0,1,118
tt0104036,thecryinggame,1992,"Crime,Drama,Romance",7.2,0,17.088874605995333,0,0,0,0,0,112
tt0104257,afewgoodmen,1992,"Drama,Thriller",7.7,0,17.088874605995333,2,0,0,0,0,138
tt0104454,howardsend,1992,"Drama,Romance",7.4,0,17.088874605995333,2,1,0,0,0,142
tt0105323,scentofawoman,1992,Drama,8.0,0,17.249497794707484,0,0,1,0,0,156
tt0105695,unforgiven,1992,"Drama,Western",8.2,1,16.48273883399067,1,0,0,0,1,130
tt0106977,thefugitive,1993,"Action,Crime,Drama",7.8,0,17.599700214609808,0,0,0,0,0,130
tt0107207,inthenameofthefather,1993,"Biography,Crime,Drama",8.1,0,17.188822770412813,1,0,0,0,0,133
tt0107822,thepiano,1993,"Drama,Music,Romance",7.5,0,17.188822770412813,0,0,0,0,0,121
tt0107943,theremainsoftheday,1993,"Drama,Romance",7.8,0,17.188822770412813,2,0,0,0,0,134
tt0108052,schindlerslist,1993,"Biography,Drama,History",9.0,1,17.034386422832473,1,1,1,0,1,195
tt0109830,forrestgump,1994,"Drama,Romance",8.8,1,17.822843761378564,3,0,1,0,1,142
tt0109831,fourweddingsandafuneral,1994,"Comedy,Drama,Romance",7.1,0,17.488641680506895,0,1,0,0,0,117
tt0110877,thepostmanilpostino,1995,"Biography,Comedy,Drama",7.8,0,17.33152364377269,0,0,0,0,0,108
tt0110912,pulpfiction,1994,"Crime,Drama",8.9,0,15.894952224644102,0,0,0,0,0,154
tt0110932,quizshow,1994,"Biography,Drama,History",7.5,1,17.249497794707484,1,0,0,0,0,133
tt0111161,theshawshankredemption,1994,Drama,9.3,0,17.034386422832473,0,0,0,0,0,142
tt0112384,apollo13,1995,"Adventure,Drama,History",7.7,0,17.9426449591384,2,0,0,0,0,140
tt0112431,babe,1995,"Comedy,Drama,Family",6.9,0,17.33152364377269,0,0,0,1,0,91
tt0112573,braveheart,1995,"Biography,Drama,War",8.3,1,17.989897843244528,0,0,0,0,1,178
tt0114388,senseandsensibility,1995,"Drama,Romance",7.7,0,17.33152364377269,1,1,1,0,0,136
tt0116209,theenglishpatient,1996,"Drama,Romance,War",7.4,1,17.182806422433504,0,1,1,0,1,162
tt0116282,fargo,1996,"Crime,Drama,Thriller",8.1,0,15.76142084987672,0,0,0,0,0,98
tt0116695,jerrymaguire,1996,"Comedy,Drama,Romance",7.3,0,17.72753358339242,0,0,0,0,0,139
tt0117589,secretslies,1996,"Comedy,Drama",8.0,0,15.319588176962746,0,0,0,0,0,136
tt0117631,shine,1996,"Biography,Drama,Music",7.6,0,17.68879275586601,0,0,0,0,0,105
tt0118799,lifeisbeautiful,1998,"Comedy,Drama,Romance",8.6,0,16.759949589762293,0,0,0,0,0,116
tt0119164,thefullmonty,1997,"Comedy,Drama",7.2,0,15.068273812173887,0,0,0,0,0,91
tt0119217,goodwillhunting,1997,"Drama,Romance",8.3,0,16.118095750958314,0,0,0,0,0,126
tt0119488,laconfidential,1997,"Crime,Drama,Mystery",8.2,0,17.58443274282867,1,0,0,0,0,138
tt0119822,asgoodasitgets,1997,"Comedy,Drama,Romance",7.7,1,17.72753358339242,3,0,0,1,0,139
tt0120338,titanic,1997,"Drama,Romance",7.9,1,19.11382792951231,1,1,1,0,1,194
tt0120689,thegreenmile,1999,"Crime,Drama,Fantasy",8.6,0,17.909855136853043,2,0,0,0,0,189
tt0120737,thelordoftheringsthefellowshipofthering,2001,"Adventure,Drama,Fantasy",8.9,0,18.34811006187022,0,1,0,0,0,178
tt0120815,savingprivateryan,1998,"Drama,War",8.6,1,18.064005814299346,2,0,1,0,0,169
tt0120863,thethinredline,1998,"Drama,History,War",7.6,0,17.76675429577647,0,0,0,0,0,170
tt0124315,theciderhouserules,1999,"Drama,Romance",7.4,0,16.993564429978885,1,0,0,0,0,126
tt0127536,elizabeth,1998,"Biography,Drama,History",7.4,0,17.797525953860475,0,0,0,0,0,124
tt0138097,shakespeareinlove,1998,"Comedy,Drama,History",7.1,0,17.034386422832473,1,1,0,1,1,123
tt0140352,theinsider,1999,"Biography,Drama,History",7.8,0,18.31532023940565,1,0,0,0,0,157
tt0167260,thelordoftheringsthereturnoftheking,2003,"Adventure,Drama,Fantasy",9.0,1,18.358805350872576,0,1,1,0,1,201
tt0167261,thelordoftheringsthetwotowers,2002,"Adventure,Drama,Fantasy",8.8,0,18.358805350872576,0,0,0,0,0,179
tt0167404,thesixthsense,1999,"Drama,Mystery,Thriller",8.2,0,17.50439003707821,0,0,0,0,0,107
tt0169547,americanbeauty,1999,Drama,8.3,1,17.723525562075203,1,1,1,0,1,122
tt0172495,gladiator,2000,"Action,Adventure,Drama",8.5,0,18.450239555902648,0,1,1,0,1,155
tt0181865,traffic,2000,"Crime,Drama,Thriller",7.5,1,17.82792175551341,1,0,0,0,0,147
tt0190332,crouchingtigerhiddendragon,2000,"Action,Adventure,Drama",7.9,0,16.52356082573315,0,0,0,0,0,120
tt0195685,erinbrockovich,2000,"Biography,Drama",7.5,1,17.82792175551341,0,0,0,0,0,131
tt0203009,moulinrouge,2001,"Drama,Musical,Romance",7.6,0,17.72753358339242,0,0,0,1,0,127
tt0217505,gangsofnewyork,2002,"Crime,Drama",7.5,0,18.390221546776935,1,0,0,0,0,167
tt0241303,chocolat,2000,"Drama,Romance",7.2,0,17.82792175551341,2,0,0,0,0,121
tt0247425,inthebedroom,2001,"Crime,Drama",7.4,0,17.926056515923204,2,0,0,0,0,131
tt0253474,thepianist,2002,"Biography,Drama,Music",8.5,1,17.370858648025116,0,1,0,0,0,150
tt0268978,abeautifulmind,2001,"Biography,Drama,Mystery",8.2,1,17.87595358575207,1,0,1,0,1,135
tt0274558,thehours,2002,"Drama,Romance",7.5,0,17.970218285603842,2,0,1,0,0,110
tt0280707,gosfordpark,2001,"Comedy,Drama,Mystery",7.2,0,16.801192546169812,2,0,0,0,0,137
tt0299658,chicago,2002,"Comedy,Crime,Musical",7.2,0,17.622173069956816,0,0,0,1,1,113
tt0308644,findingneverland,2004,"Biography,Drama,Family",7.6,0,17.034386422832473,3,0,0,0,0,106
tt0311113,masterandcommanderthefarsideoftheworld,2003,"Action,Adventure,Drama",7.5,0,18.826145858727198,1,0,0,0,0,138
tt0327056,mysticriver,2003,"Crime,Drama,Mystery",7.9,1,17.034386422832473,1,0,0,0,0,138
tt0329575,seabiscuit,2003,"Drama,History,Sport",7.3,0,18.033546607256465,1,0,0,0,0,140
tt0335266,lostintranslation,2003,"Comedy,Drama",7.7,0,15.201805169084134,0,0,0,1,0,102
tt0338751,theaviator,2004,"Biography,Drama",7.5,0,18.5159909328476,0,1,1,0,0,170
tt0350258,ray,2004,"Biography,Drama,Music",7.7,0,17.694780797586514,0,0,0,0,0,152
tt0361748,inglouriousbasterds,2009,"Adventure,Drama,War",8.4,0,18.064005814299346,0,0,0,0,0,153
tt0375063,sideways,2004,"Comedy,Drama,Romance",7.5,0,17.694780797586514,0,0,0,1,0,127
tt0375679,crash,2005,"Crime,Drama,Thriller",7.7,0,15.687312888712007,0,0,0,0,1,112
tt0379725,capote,2005,"Biography,Crime,Drama",7.3,0,17.336957097334658,0,0,0,0,0,114
tt0388795,brokebackmountain,2005,"Drama,Romance",7.7,1,16.454567959008102,0,1,1,0,0,134
tt0405159,milliondollarbaby,2004,"Drama,Sport",8.1,1,17.694780797586514,1,0,0,0,1,132
tt0407887,thedeparted,2006,"Crime,Drama,Thriller",8.5,1,18.31532023940565,3,0,0,0,1,151
tt0408306,munich,2005,"Drama,History,Thriller",7.5,1,17.336957097334658,1,0,0,0,0,164
tt0421715,thecuriouscaseofbenjaminbutton,2008,"Drama,Fantasy,Romance",7.8,0,17.97204715610453,2,0,0,0,0,166
tt0433383,goodnightandgoodluck,2005,"Biography,Drama,History",7.4,0,15.76142084987672,0,0,0,0,0,93
tt0435761,toystory3,2010,"Adventure,Animation,Comedy",8.3,0,19.11382792951231,2,0,0,0,0,103
tt0436697,thequeen,2006,"Biography,Drama",7.3,0,16.997722439954657,0,1,0,0,0,103
tt0443272,lincoln,2012,"Biography,Drama,History",7.3,1,17.989897843244528,4,0,0,0,0,150
tt0449059,littlemisssunshine,2006,"Comedy,Drama",7.8,0,15.894952224644102,0,0,0,0,0,101
tt0449467,babel,2006,Drama,7.5,0,17.034386422832473,1,0,1,0,0,143
tt0454876,lifeofpi,2012,"Adventure,Drama,Fantasy",7.9,1,17.585278538868963,0,0,0,0,0,127
tt0465538,michaelclayton,2007,"Crime,Drama,Mystery",7.2,0,16.88356353960952,1,0,0,0,0,119
tt0467406,juno,2007,"Comedy,Drama",7.4,0,17.16760526162964,0,0,0,0,0,96
tt0469494,therewillbeblood,2007,Drama,8.2,0,17.034386422832473,0,0,0,0,0,158
tt0477302,extremelyloudincrediblyclose,2011,"Adventure,Drama,Mystery",6.9,0,17.806960715496647,3,0,0,0,0,129
tt0477348,nocountryforoldmen,2007,"Crime,Drama,Thriller",8.2,0,17.034386422832473,1,0,0,0,1,122
tt0478304,thetreeoflife,2011,"Drama,Fantasy",6.8,0,17.281246492014,2,0,0,0,0,139
tt0498380,lettersfromiwojima,2006,"Action,Adventure,Drama",7.8,1,16.759949589762293,0,0,0,0,0,141
tt0499549,avatar,2009,"Action,Adventure,Fantasy",7.9,1,19.283570703318816,0,0,1,0,0,162
tt0783233,atonement,2007,"Drama,Mystery,Romance",7.8,0,17.16760526162964,0,1,1,0,0,123
tt0790636,dallasbuyersclub,2013,"Biography,Drama",7.9,0,17.456224678911223,0,0,0,0,0,117
tt0842926,thekidsareallright,2010,"Comedy,Drama,Romance",7.0,0,18.036650931246157,0,0,0,1,0,106
tt0870111,frostnixon,2008,"Biography,Drama,History",7.6,1,17.97204715610453,0,0,0,0,0,122
tt0878804,theblindside,2009,"Biography,Drama,Sport",7.6,0,18.19368363587043,1,0,0,0,0,129
tt0887912,thehurtlocker,2009,"Drama,Thriller,War",7.5,1,16.52356082573315,0,1,0,0,1,131
tt0929632,preciousbasedonthenovelpushbysapphire,2009,Drama,7.3,0,18.19368363587043,0,0,0,0,0,110
tt0947798,blackswan,2010,"Drama,Thriller",8.0,0,16.380459992348886,0,0,0,0,0,108
tt0964517,thefighter,2010,"Action,Biography,Drama",7.8,0,18.036650931246157,0,0,0,0,0,116
tt0970179,hugo,2011,"Adventure,Drama,Family",7.5,1,17.806960715496647,1,0,0,0,0,126
tt0976051,thereader,2008,"Drama,Mystery,Romance",7.6,0,17.97204715610453,0,0,0,0,0,124
tt0993846,thewolfofwallstreet,2013,"Biography,Comedy,Crime",8.2,1,18.420680753952364,1,0,0,0,0,180
tt1010048,slumdogmillionaire,2008,"Crime,Drama,Romance",8.0,0,16.52356082573315,0,1,1,0,1,120
tt1013753,milk,2008,"Biography,Drama,History",7.5,0,17.97204715610453,1,0,0,0,0,128
tt1016150,allquietonthewesternfront,2022,"Drama,History,War",7.8,0,18.26828343969082,0,1,0,0,0,148
tt1019452,aseriousman,2009,"Comedy,Drama",7.0,0,18.19368363587043,0,0,0,0,0,106
tt1020072,selma,2014,"Biography,Drama,History",7.5,0,17.585869836771447,0,0,0,0,0,128
tt1024648,argo,2012,"Biography,Drama,History",7.7,0,17.61099976960838,1,1,1,0,1,120
tt10272386,thefather,2020,"Drama,Mystery",8.2,0,16.811242881518265,2,0,0,0,0,97
tt10293406,thepowerofthedog,2021,"Drama,Western",6.8,1,17.479072229734946,0,1,1,0,0,126
tt1033575,thedescendants,2011,"Comedy,Drama",7.3,0,17.806960715496647,1,0,1,0,0,115
tt10366460,coda,2021,"Comedy,Drama,Music",8.0,0,16.118095750958314,1,0,0,0,1,111
tt1045658,silverliningsplaybook,2012,"Comedy,Drama,Romance",7.7,0,16.860033043306743,2,0,0,0,0,122
tt1049413,up,2009,"Adventure,Animation,Comedy",8.3,0,18.980296537602072,0,0,0,0,0,96
tt10618286,mank,2020,"Biography,Drama",6.8,0,17.674660094871278,1,0,0,0,0,131
tt10633456,minari,2020,Drama,7.4,0,14.508658238524095,0,0,0,0,0,115
tt1065073,boyhood,2014,Drama,7.9,0,15.201805169084134,0,1,1,0,0,165
tt1070874,thetrialofthechicago7,2020,"Drama,History,Thriller",7.7,0,17.674660094871278,2,0,0,0,0,129
tt11271038,licoricepizza,2021,"Comedy,Drama,Romance",7.1,0,17.961122388401915,2,0,0,0,0,133
tt11286314,dontlookup,2021,"Comedy,Drama,Sci-Fi",7.2,0,18.132998684833918,8,0,0,0,0,138
tt1136608,district9,2009,"Action,Sci-Fi,Thriller",7.9,0,17.216707972959764,0,0,0,0,0,112
tt11563598,acompleteunknown,2024,"Biography,Drama,Music",7.4,0,17.989897843244528,0,0,0,0,0,141
tt1160419,dune,2021,"Action,Adventure,Drama",8.0,0,18.92145603792546,1,0,0,0,0,155
tt1174732,aneducation,2009,Drama,7.2,0,18.19368363587043,0,0,0,0,0,100
tt11813216,thebansheesofinisherin,2022,"Comedy,Drama",7.7,0,16.811242881518265,0,1,0,1,0,114
tt1193138,upintheair,2009,"Comedy,Drama,Romance",7.4,0,17.034386422832473,1,0,0,0,0,109
tt1210166,moneyball,2011,"Biography,Drama,Sport",7.6,0,17.72753358339242,1,0,0,0,0,133
tt1262426,wicked,2024,"Fantasy,Musical,Romance",7.5,0,18.7922443072814,1,0,0,0,0,160
tt12789558,belfast,2021,"Biography,Drama,Romance",7.2,0,17.961122388401915,1,0,0,0,0,98
tt1285016,thesocialnetwork,2010,"Biography,Drama",7.8,0,17.50439003707821,0,0,1,0,0,120
tt1302006,theirishman,2019,"Biography,Crime,Drama",7.8,1,17.574848499025933,5,0,0,0,0,209
tt13238346,pastlives,2023,"Drama,Romance",7.8,0,18.176058173732425,0,0,0,0,0,105
tt13669038,womentalking,2022,Drama,6.9,0,18.26828343969082,3,0,0,0,0,104
tt1375666,inception,2010,"Action,Adventure,Sci-Fi",8.8,0,18.8906843794481,1,0,0,0,0,148
tt1392190,madmaxfuryroad,2015,"Action,Adventure,Sci-Fi",8.1,0,18.826145858727198,1,0,0,0,0,120
tt1399683,wintersbone,2010,"Crime,Drama,Mystery",7.1,0,18.036650931246157,0,0,0,0,0,100
tt1403865,truegrit,2010,"Drama,Western",7.6,0,17.453096744006448,1,0,0,0,0,110
tt14039582,drivemycar,2021,Drama,7.5,0,17.961122388401915,0,0,0,0,0,179
tt14208870,thefabelmans,2022,Drama,7.5,1,17.50439003707821,0,0,1,0,0,151
tt14230458,poorthings,2023,"Comedy,Drama,Romance",7.8,0,17.370858648025116,1,0,0,1,0,141
tt14444726,tr,2022,"Drama,Music",7.4,0,18.26828343969082,2,0,0,0,0,158
tt1454029,thehelp,2011,Drama,8.1,0,17.034386422832473,0,0,0,0,0,146
tt1454468,gravity,2013,"Drama,Sci-Fi,Thriller",7.7,1,18.420680753952364,2,0,0,0,0,91
tt14849194,theholdovers,2023,"Comedy,Drama",7.9,0,18.176058173732425,0,0,0,0,0,133
tt14961016,imstillhere,2024,"Biography,Drama,History",8.3,0,18.139643227464287,0,0,0,0,0,137
tt1504320,thekingsspeech,2010,"Biography,Drama,History",8.0,1,18.036650931246157,1,1,0,0,1,118
tt1517268,barbie,2023,"Adventure,Comedy,Fantasy",6.8,0,18.7922443072814,0,0,0,0,0,114
tt1517451,astarisborn,2018,"Drama,Music,Romance",7.6,0,17.399029524198163,0,0,0,0,0,136
tt15239678,duneparttwo,2024,"Action,Adventure,Drama",8.5,0,19.06253463538792,2,0,0,0,0,166
tt1535109,captainphillips,2013,"Action,Biography,Crime",7.8,0,17.822843761378564,2,0,0,0,0,134
tt15398776,oppenheimer,2023,"Biography,Drama,History",8.3,1,18.420680753952364,0,1,1,0,1,180
tt1542344,127hours,2010,"Biography,Drama",7.5,1,16.705882371415992,0,0,0,0,0,94
tt1568911,warhorse,2011,"Adventure,Drama,War",7.2,1,18.005165315142214,0,0,0,0,0,146
tt1596363,thebigshort,2015,"Biography,Comedy,Drama",7.8,0,17.147715103853763,1,0,0,0,0,130
tt1602620,amour,2012,Drama,7.9,0,16.001561947061912,0,0,0,0,0,127
tt1605783,midnightinparis,2011,"Comedy,Fantasy,Romance",7.6,1,16.648723960844016,1,0,0,0,0,94
tt1630029,avatarthewayofwater,2022,"Action,Adventure,Fantasy",7.5,1,19.33697147982652,1,0,0,0,0,192
tt1655442,theartist,2011,"Comedy,Drama,Romance",7.8,1,16.52356082573315,0,1,0,1,1,100
tt1663202,therevenant,2015,"Adventure,Drama,Western",8.0,1,18.72078534381011,0,1,1,0,0,156
tt17009710,anatomyofafall,2023,"Crime,Drama,Thriller",7.6,0,15.64006001130563,0,0,0,0,0,151
tt1707386,lesmisrables,2012,"Drama,Musical,Romance",7.5,1,17.926384438531027,1,0,0,1,0,158
tt1727824,bohemianrhapsody,2018,"Biography,Drama,Music",7.9,0,17.581960053895617,0,0,1,0,0,134
tt1745960,topgunmaverick,2022,"Action,Drama",8.2,0,18.839391085389497,1,0,0,0,0,130
tt17526714,thesubstance,2024,"Drama,Horror,Sci-Fi",7.3,0,16.677711496036597,0,0,0,0,0,141
tt1790885,zerodarkthirty,2012,"Drama,History,Thriller",7.4,1,17.585278538868963,0,0,0,0,0,157
tt1798709,her,2013,"Drama,Romance,Sci-Fi",8.0,0,16.951004817371683,0,0,0,0,0,126
tt1800241,americanhustle,2013,"Crime,Drama",7.2,0,17.50439003707821,2,0,0,1,0,138
tt1821549,nebraska,2013,Drama,7.7,0,16.300417291085605,0,0,0,0,0,115
tt1825683,blackpanther,2018,"Action,Adventure,Sci-Fi",7.3,0,19.11382792951231,1,0,0,0,0,134
tt1853728,djangounchained,2012,Western,8.5,0,18.420680753952364,2,0,0,0,0,165
tt1895587,spotlight,2015,"Biography,Crime,Drama",8.1,0,16.811242881518265,0,0,0,0,1,129
tt1950186,fordvferrari,2019,"Action,Biography,Drama",8.1,0,18.39638806162922,1,0,0,0,0,152
tt20215234,conclave,2024,"Drama,Thriller",7.4,0,16.811242881518265,0,1,0,0,0,120
tt20221436,emiliaprez,2024,"Crime,Drama,Musical",5.4,0,17.034386422832473,0,0,0,0,0,132
tt2024544,12yearsaslave,2013,"Biography,Drama,History",8.1,0,16.811242881518265,0,1,1,0,1,134
tt2084970,theimitationgame,2014,"Biography,Drama,Thriller",8.0,0,16.454567959008102,0,0,0,0,0,114
tt2119532,hacksawridge,2016,"Biography,Drama,History",8.1,1,17.50439003707821,0,0,0,0,0,139
tt2125435,beastsofthesouthernwild,2012,"Adventure,Drama,Fantasy",7.2,0,17.585278538868963,0,0,0,0,0,93
tt2179136,americansniper,2014,"Action,Biography,Drama",7.3,1,17.889652429875657,0,0,0,0,0,133
tt21970768,maestro,2023,Drama,5.8,0,18.176058173732425,0,0,0,0,0,\N
tt2278388,thegrandbudapesthotel,2014,"Comedy,Drama",8.1,0,17.034386422832473,2,0,0,1,0,99
tt23055660,nickelboys,2024,Drama,7.0,0,16.959662879739987,0,0,0,0,0,140
tt23561236,americanfiction,2023,"Comedy,Drama",7.5,0,18.176058173732425,0,0,0,0,0,117
tt2381111,brooklyn,2015,"Drama,Romance",7.5,0,16.213405921671733,1,0,0,0,0,117
tt2431286,philomena,2013,"Biography,Comedy,Drama",7.6,0,16.300417291085605,1,0,0,0,0,98
tt2543164,arrival,2016,"Drama,Mystery,Sci-Fi",7.9,0,17.665658180950928,1,0,0,0,0,116
tt2562232,birdmanortheunexpectedvirtueofignorance,2014,"Comedy,Drama",7.7,1,16.705882371415992,0,0,0,0,1,119
tt2582782,hellorhighwater,2016,"Crime,Drama,Thriller",7.6,0,16.300417291085605,1,0,0,0,0,102
tt2582802,whiplash,2014,"Drama,Music",8.5,0,15.009433329466965,0,0,0,0,0,106
tt2584384,jojorabbit,2019,"Comedy,Drama,War",7.9,0,16.454567959008102,1,0,0,0,0,108
tt2671706,fences,2016,Drama,7.2,0,16.993564429978885,2,0,0,0,0,139
tt28607951,anora,2024,"Comedy,Drama,Romance",7.5,1,18.139643227464287,0,0,0,0,1,139
tt2980516,thetheoryofeverything,2014,"Biography,Drama,Romance",7.7,0,16.52356082573315,0,0,0,0,0,123
tt3170832,room,2015,"Drama,Thriller",8.1,0,15.607270193858982,0,0,0,0,0,118
tt3281548,littlewomen,2019,"Drama,Romance",7.8,0,17.50439003707821,0,0,0,0,0,135
tt3581652,westsidestory,2021,"Crime,Drama,Musical",7.1,1,18.420680753952364,1,0,0,1,0,156
tt3659388,themartian,2015,"Adventure,Drama,Sci-Fi",8.0,0,18.497641794347754,0,0,0,1,0,144
tt3682448,bridgeofspies,2015,"Drama,History,Thriller",7.6,1,17.50439003707821,2,0,0,0,0,142
tt3704428,elvis,2022,"Biography,Drama,Music",7.3,0,18.258161826219297,2,0,0,0,0,159
tt3741834,lion,2016,"Biography,Drama",8.0,0,16.300417291085605,1,0,0,0,0,118
tt3783958,lalaland,2016,"Comedy,Drama,Music",8.0,1,17.216707972959764,1,1,0,1,0,128
tt4034228,manchesterbythesea,2016,Drama,7.8,0,15.955576839107596,0,0,0,0,0,137
tt4555426,darkesthour,2017,"Biography,Drama,History",7.4,0,17.216707972959764,0,0,0,0,0,125
tt4846340,hiddenfigures,2016,"Biography,Drama,History",7.8,0,17.034386422832473,1,0,0,0,0,127
tt4925292,ladybird,2017,"Comedy,Drama",7.4,0,16.118095750958314,0,0,0,1,0,94
tt4975722,moonlight,2016,Drama,7.4,0,14.220976332738882,0,0,1,0,1,111
tt5013056,dunkirk,2017,"Action,Drama,History",7.8,0,18.420680753952364,1,0,0,0,0,106
tt5027774,threebillboardsoutsideebbingmissouri,2017,"Comedy,Crime,Drama",8.1,0,16.300417291085605,1,1,1,0,0,115
tt5052448,getout,2017,"Horror,Mystery,Thriller",7.8,0,15.319588176962746,0,0,0,0,0,104
tt5083738,thefavourite,2018,"Biography,Comedy,Drama",7.5,0,17.581960053895617,2,0,0,0,0,119
tt5363618,soundofmetal,2020,"Drama,Music",7.7,0,17.674660094871278,0,0,0,0,0,120
tt5537002,killersoftheflowermoon,2023,"Crime,Drama,History",7.6,1,19.11382792951231,4,0,0,0,0,206
tt5580390,theshapeofwater,2017,"Drama,Fantasy,Romance",7.3,1,16.78592512609807,1,0,0,0,1,123
tt5726616,callmebyyourname,2017,"Drama,Romance",7.8,0,15.068273812173887,0,0,0,0,0,132
tt5776858,phantomthread,2017,"Drama,Romance",7.4,0,17.370858648025116,2,0,0,0,0,130
tt6155172,roma,2018,Drama,7.6,1,16.52356082573315,0,1,0,0,0,135
tt6266538,vice,2018,"Biography,Comedy,Drama",7.2,0,17.581960053895617,2,0,0,0,0,132
tt6294822,thepost,2017,"Biography,Drama,History",7.2,1,17.30550347036308,5,0,0,0,0,116
tt6710474,everythingeverywhereallatonce,2022,"Action,Adventure,Comedy",7.8,1,17.034386422832473,0,0,0,0,1,139
tt6751668,parasite,2019,"Drama,Thriller",8.5,1,16.395727463314174,0,0,0,0,1,132
tt6966692,greenbook,2018,"Biography,Comedy,Drama",8.2,0,16.951004817371683,1,0,0,1,1,130
tt7131622,onceuponatimeinhollywood,2019,"Comedy,Drama",7.6,0,17.574848499025933,1,0,0,1,0,161
tt7160372,thezoneofinterest,2023,"Drama,History,War",7.3,0,18.176058173732425,0,0,0,0,0,105
tt7286456,joker,2019,"Crime,Drama,Thriller",8.3,0,17.822843761378564,2,0,0,0,0,122
tt7322224,triangleofsadness,2022,"Comedy,Drama",7.3,0,16.341239282272525,0,0,0,0,0,147
tt7349662,blackkklansman,2018,"Biography,Comedy,Crime",7.5,0,17.581960053895617,0,0,0,0,0,135
tt7653254,marriagestory,2019,"Drama,Romance",7.9,0,16.705882371415992,0,0,0,0,0,137
tt7740496,nightmarealley,2021,"Crime,Drama,Thriller",7.0,1,17.961122388401915,3,0,0,0,0,150
tt8579674,1917,2019,"Action,Drama,War",8.2,1,18.36938746009113,1,1,1,0,0,119
tt8999762,thebrutalist,2024,Drama,7.4,0,16.077273760604726,1,0,1,0,0,216
tt9620288,kingrichard,2021,"Biography,Drama,Sport",7.5,0,17.961122388401915,0,0,0,0,0,144
tt9620292,promisingyoungwoman,2020,"Crime,Drama,Mystery",7.5,0,16.118095750958314,0,0,0,0,0,113
tt9770150,nomadland,2020,Drama,7.3,1,15.424948670398354,2,1,1,0,1,107
tt9784798,judasandtheblackmessiah,2020,"Biography,Drama,History",7.4,0,17.674660094871278,0,0,0,0,0,126
